Accession	Title	Platform	Total bases	Create date	SRA URL	SRA filename	SRA nice filename	FastQ URL	FastQ Aspera URL	FastQ filename	FastQ nice filename
SRR19075274	GSM6102575: Endometriosis Patient 7 - Eutopic - bulk; Homo sapiens; RNA-Seq	Illumina NovaSeq 6000	37002	1651809600000	ftp://ftp-trace.ncbi.nlm.nih.gov/sra/sra-instant/reads/ByRun/sra/SRR/SRR190/SRR19075274/SRR19075274.sra	SRR19075274.sra	SRR19075274_GSM6102575_Endometriosis_Patient_7_-_Eutopic_-_bulk_Homo_sapiens_RNA-Seq.sra	ftp://ftp.sra.ebi.ac.uk/vol1/fastq/SRR190/074/SRR19075274/SRR19075274.fastq.gz	era-fasp@fasp.sra.ebi.ac.uk:vol1/fastq/SRR190/074/SRR19075274/SRR19075274.fastq.gz	SRR19075274.fastq.gz	SRR19075274_GSM6102575_Endometriosis_Patient_7_-_Eutopic_-_bulk_Homo_sapiens_RNA-Seq.fastq.gz
SRR21658715	GSM6595250: Endometriosis Patient 2 - Ectopic; Homo sapiens; RNA-Seq	Illumina NovaSeq 6000	463676	1678251600000	ftp://ftp-trace.ncbi.nlm.nih.gov/sra/sra-instant/reads/ByRun/sra/SRR/SRR216/SRR21658715/SRR21658715.sra	SRR21658715.sra	SRR21658715_GSM6595250_Endometriosis_Patient_2_-_Ectopic_Homo_sapiens_RNA-Seq.sra	ftp://			SRR21658715_GSM6595250_Endometriosis_Patient_2_-_Ectopic_Homo_sapiens_RNA-Seq
SRR21658726	GSM6595261: Endometriosis Patient 10 - Ectopic Ovary; Homo sapiens; RNA-Seq	Illumina NovaSeq 6000	427003	1678251600000	ftp://ftp-trace.ncbi.nlm.nih.gov/sra/sra-instant/reads/ByRun/sra/SRR/SRR216/SRR21658726/SRR21658726.sra	SRR21658726.sra	SRR21658726_GSM6595261_Endometriosis_Patient_10_-_Ectopic_Ovary_Homo_sapiens_RNA-Seq.sra	ftp://			SRR21658726_GSM6595261_Endometriosis_Patient_10_-_Ectopic_Ovary_Homo_sapiens_RNA-Seq
SRR21658719	GSM6595254: Endometriosis Patient 4 - Ectopic; Homo sapiens; RNA-Seq	Illumina NovaSeq 6000	712953	1678251600000	ftp://ftp-trace.ncbi.nlm.nih.gov/sra/sra-instant/reads/ByRun/sra/SRR/SRR216/SRR21658719/SRR21658719.sra	SRR21658719.sra	SRR21658719_GSM6595254_Endometriosis_Patient_4_-_Ectopic_Homo_sapiens_RNA-Seq.sra	ftp://			SRR21658719_GSM6595254_Endometriosis_Patient_4_-_Ectopic_Homo_sapiens_RNA-Seq
SRR19075279	GSM6102580: Endometriosis Patient 13 - Ectopic - bulk; Homo sapiens; RNA-Seq	Illumina NovaSeq 6000	33838	1651809600000	ftp://ftp-trace.ncbi.nlm.nih.gov/sra/sra-instant/reads/ByRun/sra/SRR/SRR190/SRR19075279/SRR19075279.sra	SRR19075279.sra	SRR19075279_GSM6102580_Endometriosis_Patient_13_-_Ectopic_-_bulk_Homo_sapiens_RNA-Seq.sra	ftp://ftp.sra.ebi.ac.uk/vol1/fastq/SRR190/079/SRR19075279/SRR19075279.fastq.gz	era-fasp@fasp.sra.ebi.ac.uk:vol1/fastq/SRR190/079/SRR19075279/SRR19075279.fastq.gz	SRR19075279.fastq.gz	SRR19075279_GSM6102580_Endometriosis_Patient_13_-_Ectopic_-_bulk_Homo_sapiens_RNA-Seq.fastq.gz
SRR21658718	GSM6595253: Endometriosis Patient 3 - Ectopic Adjacent; Homo sapiens; RNA-Seq	Illumina NovaSeq 6000	643602	1678251600000	ftp://ftp-trace.ncbi.nlm.nih.gov/sra/sra-instant/reads/ByRun/sra/SRR/SRR216/SRR21658718/SRR21658718.sra	SRR21658718.sra	SRR21658718_GSM6595253_Endometriosis_Patient_3_-_Ectopic_Adjacent_Homo_sapiens_RNA-Seq.sra	ftp://			SRR21658718_GSM6595253_Endometriosis_Patient_3_-_Ectopic_Adjacent_Homo_sapiens_RNA-Seq
SRR19075268	GSM6102569: Control Patient 5 - Control Endometrium - bulk; Homo sapiens; RNA-Seq	Illumina NovaSeq 6000	28067	1651809600000	ftp://ftp-trace.ncbi.nlm.nih.gov/sra/sra-instant/reads/ByRun/sra/SRR/SRR190/SRR19075268/SRR19075268.sra	SRR19075268.sra	SRR19075268_GSM6102569_Control_Patient_5_-_Control_Endometrium_-_bulk_Homo_sapiens_RNA-Seq.sra	ftp://ftp.sra.ebi.ac.uk/vol1/fastq/SRR190/068/SRR19075268/SRR19075268.fastq.gz	era-fasp@fasp.sra.ebi.ac.uk:vol1/fastq/SRR190/068/SRR19075268/SRR19075268.fastq.gz	SRR19075268.fastq.gz	SRR19075268_GSM6102569_Control_Patient_5_-_Control_Endometrium_-_bulk_Homo_sapiens_RNA-Seq.fastq.gz
SRR19075269	GSM6102570: Control Patient 6 - Control Endometrium - bulk; Homo sapiens; RNA-Seq	Illumina NovaSeq 6000	27041	1651809600000	ftp://ftp-trace.ncbi.nlm.nih.gov/sra/sra-instant/reads/ByRun/sra/SRR/SRR190/SRR19075269/SRR19075269.sra	SRR19075269.sra	SRR19075269_GSM6102570_Control_Patient_6_-_Control_Endometrium_-_bulk_Homo_sapiens_RNA-Seq.sra	ftp://ftp.sra.ebi.ac.uk/vol1/fastq/SRR190/069/SRR19075269/SRR19075269.fastq.gz	era-fasp@fasp.sra.ebi.ac.uk:vol1/fastq/SRR190/069/SRR19075269/SRR19075269.fastq.gz	SRR19075269.fastq.gz	SRR19075269_GSM6102570_Control_Patient_6_-_Control_Endometrium_-_bulk_Homo_sapiens_RNA-Seq.fastq.gz
SRR19075271	GSM6102572: Endometriosis Patient 3 - Eutopic - bulk; Homo sapiens; RNA-Seq	Illumina NovaSeq 6000	44130	1651809600000	ftp://ftp-trace.ncbi.nlm.nih.gov/sra/sra-instant/reads/ByRun/sra/SRR/SRR190/SRR19075271/SRR19075271.sra	SRR19075271.sra	SRR19075271_GSM6102572_Endometriosis_Patient_3_-_Eutopic_-_bulk_Homo_sapiens_RNA-Seq.sra	ftp://ftp.sra.ebi.ac.uk/vol1/fastq/SRR190/071/SRR19075271/SRR19075271.fastq.gz	era-fasp@fasp.sra.ebi.ac.uk:vol1/fastq/SRR190/071/SRR19075271/SRR19075271.fastq.gz	SRR19075271.fastq.gz	SRR19075271_GSM6102572_Endometriosis_Patient_3_-_Eutopic_-_bulk_Homo_sapiens_RNA-Seq.fastq.gz
SRR19075276	GSM6102577: Endometriosis Patient 10 - Ectopic Ovary - bulk; Homo sapiens; RNA-Seq	Illumina NovaSeq 6000	24433	1651809600000	ftp://ftp-trace.ncbi.nlm.nih.gov/sra/sra-instant/reads/ByRun/sra/SRR/SRR190/SRR19075276/SRR19075276.sra	SRR19075276.sra	SRR19075276_GSM6102577_Endometriosis_Patient_10_-_Ectopic_Ovary_-_bulk_Homo_sapiens_RNA-Seq.sra	ftp://ftp.sra.ebi.ac.uk/vol1/fastq/SRR190/076/SRR19075276/SRR19075276.fastq.gz	era-fasp@fasp.sra.ebi.ac.uk:vol1/fastq/SRR190/076/SRR19075276/SRR19075276.fastq.gz	SRR19075276.fastq.gz	SRR19075276_GSM6102577_Endometriosis_Patient_10_-_Ectopic_Ovary_-_bulk_Homo_sapiens_RNA-Seq.fastq.gz
SRR19075286	GSM6102587: Endometriosis Patient 16 - Eutopic - bulk; Homo sapiens; RNA-Seq	Illumina NovaSeq 6000	27195	1651809600000	ftp://ftp-trace.ncbi.nlm.nih.gov/sra/sra-instant/reads/ByRun/sra/SRR/SRR190/SRR19075286/SRR19075286.sra	SRR19075286.sra	SRR19075286_GSM6102587_Endometriosis_Patient_16_-_Eutopic_-_bulk_Homo_sapiens_RNA-Seq.sra	ftp://ftp.sra.ebi.ac.uk/vol1/fastq/SRR190/086/SRR19075286/SRR19075286.fastq.gz	era-fasp@fasp.sra.ebi.ac.uk:vol1/fastq/SRR190/086/SRR19075286/SRR19075286.fastq.gz	SRR19075286.fastq.gz	SRR19075286_GSM6102587_Endometriosis_Patient_16_-_Eutopic_-_bulk_Homo_sapiens_RNA-Seq.fastq.gz
SRR19075266	GSM6102567: Control Patient 1 - Control Endometrium - bulk; Homo sapiens; RNA-Seq	Illumina NovaSeq 6000	48160	1651809600000	ftp://ftp-trace.ncbi.nlm.nih.gov/sra/sra-instant/reads/ByRun/sra/SRR/SRR190/SRR19075266/SRR19075266.sra	SRR19075266.sra	SRR19075266_GSM6102567_Control_Patient_1_-_Control_Endometrium_-_bulk_Homo_sapiens_RNA-Seq.sra	ftp://ftp.sra.ebi.ac.uk/vol1/fastq/SRR190/066/SRR19075266/SRR19075266.fastq.gz	era-fasp@fasp.sra.ebi.ac.uk:vol1/fastq/SRR190/066/SRR19075266/SRR19075266.fastq.gz	SRR19075266.fastq.gz	SRR19075266_GSM6102567_Control_Patient_1_-_Control_Endometrium_-_bulk_Homo_sapiens_RNA-Seq.fastq.gz
SRR19075249	GSM6102550: Endometriosis Patient 6 - Ectopic; Homo sapiens; RNA-Seq	Illumina NovaSeq 6000	830499	1651809600000	ftp://ftp-trace.ncbi.nlm.nih.gov/sra/sra-instant/reads/ByRun/sra/SRR/SRR190/SRR19075249/SRR19075249.sra	SRR19075249.sra	SRR19075249_GSM6102550_Endometriosis_Patient_6_-_Ectopic_Homo_sapiens_RNA-Seq.sra	ftp://			SRR19075249_GSM6102550_Endometriosis_Patient_6_-_Ectopic_Homo_sapiens_RNA-Seq
SRR19075263	GSM6102564: Cell Hashing for EOR01; Homo sapiens; RNA-Seq	Illumina NovaSeq 6000	72234	1652155200000	ftp://ftp-trace.ncbi.nlm.nih.gov/sra/sra-instant/reads/ByRun/sra/SRR/SRR190/SRR19075263/SRR19075263.sra	SRR19075263.sra	SRR19075263_GSM6102564_Cell_Hashing_for_EOR01_Homo_sapiens_RNA-Seq.sra	ftp://ftp.sra.ebi.ac.uk/vol1/fastq/SRR190/063/SRR19075263/SRR19075263_1.fastq.gz	era-fasp@fasp.sra.ebi.ac.uk:vol1/fastq/SRR190/063/SRR19075263/SRR19075263_1.fastq.gz	SRR19075263_1.fastq.gz	SRR19075263_GSM6102564_Cell_Hashing_for_EOR01_Homo_sapiens_RNA-Seq_1.fastq.gz
SRR19075263	GSM6102564: Cell Hashing for EOR01; Homo sapiens; RNA-Seq	Illumina NovaSeq 6000	72234	1652155200000	ftp://ftp-trace.ncbi.nlm.nih.gov/sra/sra-instant/reads/ByRun/sra/SRR/SRR190/SRR19075263/SRR19075263.sra	SRR19075263.sra	SRR19075263_GSM6102564_Cell_Hashing_for_EOR01_Homo_sapiens_RNA-Seq.sra	ftp://ftp.sra.ebi.ac.uk/vol1/fastq/SRR190/063/SRR19075263/SRR19075263_2.fastq.gz	era-fasp@fasp.sra.ebi.ac.uk:vol1/fastq/SRR190/063/SRR19075263/SRR19075263_2.fastq.gz	SRR19075263_2.fastq.gz	SRR19075263_GSM6102564_Cell_Hashing_for_EOR01_Homo_sapiens_RNA-Seq_2.fastq.gz
SRR19075281	GSM6102582: Endometriosis Patient 14 - Ectopic Ovary - bulk; Homo sapiens; RNA-Seq	Illumina NovaSeq 6000	46483	1651809600000	ftp://ftp-trace.ncbi.nlm.nih.gov/sra/sra-instant/reads/ByRun/sra/SRR/SRR190/SRR19075281/SRR19075281.sra	SRR19075281.sra	SRR19075281_GSM6102582_Endometriosis_Patient_14_-_Ectopic_Ovary_-_bulk_Homo_sapiens_RNA-Seq.sra	ftp://ftp.sra.ebi.ac.uk/vol1/fastq/SRR190/081/SRR19075281/SRR19075281.fastq.gz	era-fasp@fasp.sra.ebi.ac.uk:vol1/fastq/SRR190/081/SRR19075281/SRR19075281.fastq.gz	SRR19075281.fastq.gz	SRR19075281_GSM6102582_Endometriosis_Patient_14_-_Ectopic_Ovary_-_bulk_Homo_sapiens_RNA-Seq.fastq.gz
SRR19075252	GSM6102553: Endometriosis Patient 7 - Ectopic; Homo sapiens; RNA-Seq	Illumina NovaSeq 6000	639232	1651809600000	ftp://ftp-trace.ncbi.nlm.nih.gov/sra/sra-instant/reads/ByRun/sra/SRR/SRR190/SRR19075252/SRR19075252.sra	SRR19075252.sra	SRR19075252_GSM6102553_Endometriosis_Patient_7_-_Ectopic_Homo_sapiens_RNA-Seq.sra	ftp://			SRR19075252_GSM6102553_Endometriosis_Patient_7_-_Ectopic_Homo_sapiens_RNA-Seq
SRR19075255	GSM6102556: Endometriosis Patient 9 - Ectopic Ovary; Homo sapiens; RNA-Seq	Illumina NovaSeq 6000	557035	1651809600000	ftp://ftp-trace.ncbi.nlm.nih.gov/sra/sra-instant/reads/ByRun/sra/SRR/SRR190/SRR19075255/SRR19075255.sra	SRR19075255.sra	SRR19075255_GSM6102556_Endometriosis_Patient_9_-_Ectopic_Ovary_Homo_sapiens_RNA-Seq.sra	ftp://			SRR19075255_GSM6102556_Endometriosis_Patient_9_-_Ectopic_Ovary_Homo_sapiens_RNA-Seq
SRR21658725	GSM6595260: Endometriosis Patient 9 - Ectopic Adjacent-2; Homo sapiens; RNA-Seq	Illumina NovaSeq 6000	522062	1678251600000	ftp://ftp-trace.ncbi.nlm.nih.gov/sra/sra-instant/reads/ByRun/sra/SRR/SRR216/SRR21658725/SRR21658725.sra	SRR21658725.sra	SRR21658725_GSM6595260_Endometriosis_Patient_9_-_Ectopic_Adjacent-2_Homo_sapiens_RNA-Seq.sra	ftp://			SRR21658725_GSM6595260_Endometriosis_Patient_9_-_Ectopic_Adjacent-2_Homo_sapiens_RNA-Seq
SRR19075259	GSM6102560: Endometriosis Patient 9 - Eutopic; Homo sapiens; RNA-Seq	Illumina NovaSeq 6000	721734	1651809600000	ftp://ftp-trace.ncbi.nlm.nih.gov/sra/sra-instant/reads/ByRun/sra/SRR/SRR190/SRR19075259/SRR19075259.sra	SRR19075259.sra	SRR19075259_GSM6102560_Endometriosis_Patient_9_-_Eutopic_Homo_sapiens_RNA-Seq.sra	ftp://			SRR19075259_GSM6102560_Endometriosis_Patient_9_-_Eutopic_Homo_sapiens_RNA-Seq
SRR21658720	GSM6595255: Endometriosis Patient 4 - Ectopic Adjacent; Homo sapiens; RNA-Seq	Illumina NovaSeq 6000	570539	1678251600000	ftp://ftp-trace.ncbi.nlm.nih.gov/sra/sra-instant/reads/ByRun/sra/SRR/SRR216/SRR21658720/SRR21658720.sra	SRR21658720.sra	SRR21658720_GSM6595255_Endometriosis_Patient_4_-_Ectopic_Adjacent_Homo_sapiens_RNA-Seq.sra	ftp://			SRR21658720_GSM6595255_Endometriosis_Patient_4_-_Ectopic_Adjacent_Homo_sapiens_RNA-Seq
SRR19075251	GSM6102552: Endometriosis Patient 7 - Ectopic Ovary; Homo sapiens; RNA-Seq	Illumina NovaSeq 6000	565568	1651809600000	ftp://ftp-trace.ncbi.nlm.nih.gov/sra/sra-instant/reads/ByRun/sra/SRR/SRR190/SRR19075251/SRR19075251.sra	SRR19075251.sra	SRR19075251_GSM6102552_Endometriosis_Patient_7_-_Ectopic_Ovary_Homo_sapiens_RNA-Seq.sra	ftp://			SRR19075251_GSM6102552_Endometriosis_Patient_7_-_Ectopic_Ovary_Homo_sapiens_RNA-Seq
SRR19075254	GSM6102555: Endometriosis Patient 8 - Eutopic; Homo sapiens; RNA-Seq	Illumina NovaSeq 6000	654107	1651809600000	ftp://ftp-trace.ncbi.nlm.nih.gov/sra/sra-instant/reads/ByRun/sra/SRR/SRR190/SRR19075254/SRR19075254.sra	SRR19075254.sra	SRR19075254_GSM6102555_Endometriosis_Patient_8_-_Eutopic_Homo_sapiens_RNA-Seq.sra	ftp://			SRR19075254_GSM6102555_Endometriosis_Patient_8_-_Eutopic_Homo_sapiens_RNA-Seq
SRR19075239	GSM6102540: Endometriosis Patient 2 - Eutopic; Homo sapiens; RNA-Seq	Illumina NovaSeq 6000	777957	1651809600000	ftp://ftp-trace.ncbi.nlm.nih.gov/sra/sra-instant/reads/ByRun/sra/SRR/SRR190/SRR19075239/SRR19075239.sra	SRR19075239.sra	SRR19075239_GSM6102540_Endometriosis_Patient_2_-_Eutopic_Homo_sapiens_RNA-Seq.sra	ftp://			SRR19075239_GSM6102540_Endometriosis_Patient_2_-_Eutopic_Homo_sapiens_RNA-Seq
SRR19075285	GSM6102586: Endometriosis Patient 16 - Ectopic - bulk; Homo sapiens; RNA-Seq	Illumina NovaSeq 6000	24096	1651809600000	ftp://ftp-trace.ncbi.nlm.nih.gov/sra/sra-instant/reads/ByRun/sra/SRR/SRR190/SRR19075285/SRR19075285.sra	SRR19075285.sra	SRR19075285_GSM6102586_Endometriosis_Patient_16_-_Ectopic_-_bulk_Homo_sapiens_RNA-Seq.sra	ftp://ftp.sra.ebi.ac.uk/vol1/fastq/SRR190/085/SRR19075285/SRR19075285.fastq.gz	era-fasp@fasp.sra.ebi.ac.uk:vol1/fastq/SRR190/085/SRR19075285/SRR19075285.fastq.gz	SRR19075285.fastq.gz	SRR19075285_GSM6102586_Endometriosis_Patient_16_-_Ectopic_-_bulk_Homo_sapiens_RNA-Seq.fastq.gz
SRR19075231	GSM6102532: Control Patient 1 - Control Endometrium; Homo sapiens; RNA-Seq	Illumina NovaSeq 6000	671201	1651809600000	ftp://ftp-trace.ncbi.nlm.nih.gov/sra/sra-instant/reads/ByRun/sra/SRR/SRR190/SRR19075231/SRR19075231.sra	SRR19075231.sra	SRR19075231_GSM6102532_Control_Patient_1_-_Control_Endometrium_Homo_sapiens_RNA-Seq.sra	ftp://			SRR19075231_GSM6102532_Control_Patient_1_-_Control_Endometrium_Homo_sapiens_RNA-Seq
SRR19075236	GSM6102537: Endometriosis Patient 1 - Eutopic; Homo sapiens; RNA-Seq	Illumina NovaSeq 6000	720798	1651809600000	ftp://ftp-trace.ncbi.nlm.nih.gov/sra/sra-instant/reads/ByRun/sra/SRR/SRR190/SRR19075236/SRR19075236.sra	SRR19075236.sra	SRR19075236_GSM6102537_Endometriosis_Patient_1_-_Eutopic_Homo_sapiens_RNA-Seq.sra	ftp://			SRR19075236_GSM6102537_Endometriosis_Patient_1_-_Eutopic_Homo_sapiens_RNA-Seq
SRR19075248	GSM6102549: Endometriosis Patient 5 - Eutopic; Homo sapiens; RNA-Seq	Illumina NovaSeq 6000	945620	1651809600000	ftp://ftp-trace.ncbi.nlm.nih.gov/sra/sra-instant/reads/ByRun/sra/SRR/SRR190/SRR19075248/SRR19075248.sra	SRR19075248.sra	SRR19075248_GSM6102549_Endometriosis_Patient_5_-_Eutopic_Homo_sapiens_RNA-Seq.sra	ftp://			SRR19075248_GSM6102549_Endometriosis_Patient_5_-_Eutopic_Homo_sapiens_RNA-Seq
SRR19075277	GSM6102578: Endometriosis Patient 11 - Ectopic - bulk; Homo sapiens; RNA-Seq	Illumina NovaSeq 6000	26242	1651809600000	ftp://ftp-trace.ncbi.nlm.nih.gov/sra/sra-instant/reads/ByRun/sra/SRR/SRR190/SRR19075277/SRR19075277.sra	SRR19075277.sra	SRR19075277_GSM6102578_Endometriosis_Patient_11_-_Ectopic_-_bulk_Homo_sapiens_RNA-Seq.sra	ftp://ftp.sra.ebi.ac.uk/vol1/fastq/SRR190/077/SRR19075277/SRR19075277.fastq.gz	era-fasp@fasp.sra.ebi.ac.uk:vol1/fastq/SRR190/077/SRR19075277/SRR19075277.fastq.gz	SRR19075277.fastq.gz	SRR19075277_GSM6102578_Endometriosis_Patient_11_-_Ectopic_-_bulk_Homo_sapiens_RNA-Seq.fastq.gz
SRR19075273	GSM6102574: Endometriosis Patient 7 - Ectopic Ovary - bulk; Homo sapiens; RNA-Seq	Illumina NovaSeq 6000	44100	1651809600000	ftp://ftp-trace.ncbi.nlm.nih.gov/sra/sra-instant/reads/ByRun/sra/SRR/SRR190/SRR19075273/SRR19075273.sra	SRR19075273.sra	SRR19075273_GSM6102574_Endometriosis_Patient_7_-_Ectopic_Ovary_-_bulk_Homo_sapiens_RNA-Seq.sra	ftp://ftp.sra.ebi.ac.uk/vol1/fastq/SRR190/073/SRR19075273/SRR19075273.fastq.gz	era-fasp@fasp.sra.ebi.ac.uk:vol1/fastq/SRR190/073/SRR19075273/SRR19075273.fastq.gz	SRR19075273.fastq.gz	SRR19075273_GSM6102574_Endometriosis_Patient_7_-_Ectopic_Ovary_-_bulk_Homo_sapiens_RNA-Seq.fastq.gz
SRR19075270	GSM6102571: Control Patient 7 - Control Endometrium - bulk; Homo sapiens; RNA-Seq	Illumina NovaSeq 6000	22471	1651809600000	ftp://ftp-trace.ncbi.nlm.nih.gov/sra/sra-instant/reads/ByRun/sra/SRR/SRR190/SRR19075270/SRR19075270.sra	SRR19075270.sra	SRR19075270_GSM6102571_Control_Patient_7_-_Control_Endometrium_-_bulk_Homo_sapiens_RNA-Seq.sra	ftp://ftp.sra.ebi.ac.uk/vol1/fastq/SRR190/070/SRR19075270/SRR19075270.fastq.gz	era-fasp@fasp.sra.ebi.ac.uk:vol1/fastq/SRR190/070/SRR19075270/SRR19075270.fastq.gz	SRR19075270.fastq.gz	SRR19075270_GSM6102571_Control_Patient_7_-_Control_Endometrium_-_bulk_Homo_sapiens_RNA-Seq.fastq.gz
SRR19075287	GSM6102588: Endometriosis Patient 17 - Ectopic Ovary - bulk; Homo sapiens; RNA-Seq	Illumina NovaSeq 6000	26562	1651809600000	ftp://ftp-trace.ncbi.nlm.nih.gov/sra/sra-instant/reads/ByRun/sra/SRR/SRR190/SRR19075287/SRR19075287.sra	SRR19075287.sra	SRR19075287_GSM6102588_Endometriosis_Patient_17_-_Ectopic_Ovary_-_bulk_Homo_sapiens_RNA-Seq.sra	ftp://ftp.sra.ebi.ac.uk/vol1/fastq/SRR190/087/SRR19075287/SRR19075287.fastq.gz	era-fasp@fasp.sra.ebi.ac.uk:vol1/fastq/SRR190/087/SRR19075287/SRR19075287.fastq.gz	SRR19075287.fastq.gz	SRR19075287_GSM6102588_Endometriosis_Patient_17_-_Ectopic_Ovary_-_bulk_Homo_sapiens_RNA-Seq.fastq.gz
SRR19075284	GSM6102585: Endometriosis Patient 16 - Ectopic Ovary - bulk; Homo sapiens; RNA-Seq	Illumina NovaSeq 6000	26407	1651809600000	ftp://ftp-trace.ncbi.nlm.nih.gov/sra/sra-instant/reads/ByRun/sra/SRR/SRR190/SRR19075284/SRR19075284.sra	SRR19075284.sra	SRR19075284_GSM6102585_Endometriosis_Patient_16_-_Ectopic_Ovary_-_bulk_Homo_sapiens_RNA-Seq.sra	ftp://ftp.sra.ebi.ac.uk/vol1/fastq/SRR190/084/SRR19075284/SRR19075284.fastq.gz	era-fasp@fasp.sra.ebi.ac.uk:vol1/fastq/SRR190/084/SRR19075284/SRR19075284.fastq.gz	SRR19075284.fastq.gz	SRR19075284_GSM6102585_Endometriosis_Patient_16_-_Ectopic_Ovary_-_bulk_Homo_sapiens_RNA-Seq.fastq.gz
SRR19075245	GSM6102546: Endometriosis Patient 4 - Eutopic; Homo sapiens; RNA-Seq	Illumina NovaSeq 6000	723627	1651809600000	ftp://ftp-trace.ncbi.nlm.nih.gov/sra/sra-instant/reads/ByRun/sra/SRR/SRR190/SRR19075245/SRR19075245.sra	SRR19075245.sra	SRR19075245_GSM6102546_Endometriosis_Patient_4_-_Eutopic_Homo_sapiens_RNA-Seq.sra	ftp://			SRR19075245_GSM6102546_Endometriosis_Patient_4_-_Eutopic_Homo_sapiens_RNA-Seq
SRR21658722	GSM6595257: Endometriosis Patient 5 - Ectopic Adjacent; Homo sapiens; RNA-Seq	Illumina NovaSeq 6000	508682	1678251600000	ftp://ftp-trace.ncbi.nlm.nih.gov/sra/sra-instant/reads/ByRun/sra/SRR/SRR216/SRR21658722/SRR21658722.sra	SRR21658722.sra	SRR21658722_GSM6595257_Endometriosis_Patient_5_-_Ectopic_Adjacent_Homo_sapiens_RNA-Seq.sra	ftp://			SRR21658722_GSM6595257_Endometriosis_Patient_5_-_Ectopic_Adjacent_Homo_sapiens_RNA-Seq
SRR21658713	GSM6595248: Endometriosis Patient 1 - Ectopic; Homo sapiens; RNA-Seq	Illumina NovaSeq 6000	666148	1678251600000	ftp://ftp-trace.ncbi.nlm.nih.gov/sra/sra-instant/reads/ByRun/sra/SRR/SRR216/SRR21658713/SRR21658713.sra	SRR21658713.sra	SRR21658713_GSM6595248_Endometriosis_Patient_1_-_Ectopic_Homo_sapiens_RNA-Seq.sra	ftp://			SRR21658713_GSM6595248_Endometriosis_Patient_1_-_Ectopic_Homo_sapiens_RNA-Seq
SRR19075275	GSM6102576: Endometriosis Patient 9 - Eutopic - bulk; Homo sapiens; RNA-Seq	Illumina NovaSeq 6000	39809	1651809600000	ftp://ftp-trace.ncbi.nlm.nih.gov/sra/sra-instant/reads/ByRun/sra/SRR/SRR190/SRR19075275/SRR19075275.sra	SRR19075275.sra	SRR19075275_GSM6102576_Endometriosis_Patient_9_-_Eutopic_-_bulk_Homo_sapiens_RNA-Seq.sra	ftp://ftp.sra.ebi.ac.uk/vol1/fastq/SRR190/075/SRR19075275/SRR19075275.fastq.gz	era-fasp@fasp.sra.ebi.ac.uk:vol1/fastq/SRR190/075/SRR19075275/SRR19075275.fastq.gz	SRR19075275.fastq.gz	SRR19075275_GSM6102576_Endometriosis_Patient_9_-_Eutopic_-_bulk_Homo_sapiens_RNA-Seq.fastq.gz
SRR19075267	GSM6102568: Control Patient 4 - Control Endometrium - bulk; Homo sapiens; RNA-Seq	Illumina NovaSeq 6000	45043	1651809600000	ftp://ftp-trace.ncbi.nlm.nih.gov/sra/sra-instant/reads/ByRun/sra/SRR/SRR190/SRR19075267/SRR19075267.sra	SRR19075267.sra	SRR19075267_GSM6102568_Control_Patient_4_-_Control_Endometrium_-_bulk_Homo_sapiens_RNA-Seq.sra	ftp://ftp.sra.ebi.ac.uk/vol1/fastq/SRR190/067/SRR19075267/SRR19075267.fastq.gz	era-fasp@fasp.sra.ebi.ac.uk:vol1/fastq/SRR190/067/SRR19075267/SRR19075267.fastq.gz	SRR19075267.fastq.gz	SRR19075267_GSM6102568_Control_Patient_4_-_Control_Endometrium_-_bulk_Homo_sapiens_RNA-Seq.fastq.gz
SRR19075264	GSM6102565: Patient-Derived Organoid - E05/E07/C01/C02; Homo sapiens; RNA-Seq	Illumina NovaSeq 6000	591592	1651809600000	ftp://ftp-trace.ncbi.nlm.nih.gov/sra/sra-instant/reads/ByRun/sra/SRR/SRR190/SRR19075264/SRR19075264.sra	SRR19075264.sra	SRR19075264_GSM6102565_Patient-Derived_Organoid_-_E05_E07_C01_C02_Homo_sapiens_RNA-Seq.sra	ftp://			SRR19075264_GSM6102565_Patient-Derived_Organoid_-_E05_E07_C01_C02_Homo_sapiens_RNA-Seq
SRR19075261	GSM6102562: Endometriosis Patient 11 - Ectopic Ovary; Homo sapiens; RNA-Seq	Illumina NovaSeq 6000	595620	1651809600000	ftp://ftp-trace.ncbi.nlm.nih.gov/sra/sra-instant/reads/ByRun/sra/SRR/SRR190/SRR19075261/SRR19075261.sra	SRR19075261.sra	SRR19075261_GSM6102562_Endometriosis_Patient_11_-_Ectopic_Ovary_Homo_sapiens_RNA-Seq.sra	ftp://			SRR19075261_GSM6102562_Endometriosis_Patient_11_-_Ectopic_Ovary_Homo_sapiens_RNA-Seq
SRR19075232	GSM6102533: Control Patient 2 - Control Endometrium; Homo sapiens; RNA-Seq	Illumina NovaSeq 6000	664916	1651809600000	ftp://ftp-trace.ncbi.nlm.nih.gov/sra/sra-instant/reads/ByRun/sra/SRR/SRR190/SRR19075232/SRR19075232.sra	SRR19075232.sra	SRR19075232_GSM6102533_Control_Patient_2_-_Control_Endometrium_Homo_sapiens_RNA-Seq.sra	ftp://			SRR19075232_GSM6102533_Control_Patient_2_-_Control_Endometrium_Homo_sapiens_RNA-Seq
SRR19075233	GSM6102534: Control Patient 3 - Control Endometrium; Homo sapiens; RNA-Seq	Illumina NovaSeq 6000	531169	1651809600000	ftp://ftp-trace.ncbi.nlm.nih.gov/sra/sra-instant/reads/ByRun/sra/SRR/SRR190/SRR19075233/SRR19075233.sra	SRR19075233.sra	SRR19075233_GSM6102534_Control_Patient_3_-_Control_Endometrium_Homo_sapiens_RNA-Seq.sra	ftp://			SRR19075233_GSM6102534_Control_Patient_3_-_Control_Endometrium_Homo_sapiens_RNA-Seq
SRR21658723	GSM6595258: Endometriosis Patient 9 - Ectopic; Homo sapiens; RNA-Seq	Illumina NovaSeq 6000	724847	1678251600000	ftp://ftp-trace.ncbi.nlm.nih.gov/sra/sra-instant/reads/ByRun/sra/SRR/SRR216/SRR21658723/SRR21658723.sra	SRR21658723.sra	SRR21658723_GSM6595258_Endometriosis_Patient_9_-_Ectopic_Homo_sapiens_RNA-Seq.sra	ftp://			SRR21658723_GSM6595258_Endometriosis_Patient_9_-_Ectopic_Homo_sapiens_RNA-Seq
SRR21658717	GSM6595252: Endometriosis Patient 3 - Ectopic; Homo sapiens; RNA-Seq	Illumina NovaSeq 6000	624212	1678251600000	ftp://ftp-trace.ncbi.nlm.nih.gov/sra/sra-instant/reads/ByRun/sra/SRR/SRR216/SRR21658717/SRR21658717.sra	SRR21658717.sra	SRR21658717_GSM6595252_Endometriosis_Patient_3_-_Ectopic_Homo_sapiens_RNA-Seq.sra	ftp://			SRR21658717_GSM6595252_Endometriosis_Patient_3_-_Ectopic_Homo_sapiens_RNA-Seq
SRR19075250	GSM6102551: Endometriosis Patient 6 - Eutopic; Homo sapiens; RNA-Seq	Illumina NovaSeq 6000	337585	1651809600000	ftp://ftp-trace.ncbi.nlm.nih.gov/sra/sra-instant/reads/ByRun/sra/SRR/SRR190/SRR19075250/SRR19075250.sra	SRR19075250.sra	SRR19075250_GSM6102551_Endometriosis_Patient_6_-_Eutopic_Homo_sapiens_RNA-Seq.sra	ftp://			SRR19075250_GSM6102551_Endometriosis_Patient_6_-_Eutopic_Homo_sapiens_RNA-Seq
SRR21658714	GSM6595249: Endometriosis Patient 1 - Ectopic Adjacent; Homo sapiens; RNA-Seq	Illumina NovaSeq 6000	619689	1678251600000	ftp://ftp-trace.ncbi.nlm.nih.gov/sra/sra-instant/reads/ByRun/sra/SRR/SRR216/SRR21658714/SRR21658714.sra	SRR21658714.sra	SRR21658714_GSM6595249_Endometriosis_Patient_1_-_Ectopic_Adjacent_Homo_sapiens_RNA-Seq.sra	ftp://			SRR21658714_GSM6595249_Endometriosis_Patient_1_-_Ectopic_Adjacent_Homo_sapiens_RNA-Seq
SRR19075289	GSM6102590: Endometriosis Patient 17 - Eutopic - bulk; Homo sapiens; RNA-Seq	Illumina NovaSeq 6000	27006	1651809600000	ftp://ftp-trace.ncbi.nlm.nih.gov/sra/sra-instant/reads/ByRun/sra/SRR/SRR190/SRR19075289/SRR19075289.sra	SRR19075289.sra	SRR19075289_GSM6102590_Endometriosis_Patient_17_-_Eutopic_-_bulk_Homo_sapiens_RNA-Seq.sra	ftp://ftp.sra.ebi.ac.uk/vol1/fastq/SRR190/089/SRR19075289/SRR19075289.fastq.gz	era-fasp@fasp.sra.ebi.ac.uk:vol1/fastq/SRR190/089/SRR19075289/SRR19075289.fastq.gz	SRR19075289.fastq.gz	SRR19075289_GSM6102590_Endometriosis_Patient_17_-_Eutopic_-_bulk_Homo_sapiens_RNA-Seq.fastq.gz
SRR19075253	GSM6102554: Endometriosis Patient 7 - Eutopic; Homo sapiens; RNA-Seq	Illumina NovaSeq 6000	591152	1651809600000	ftp://ftp-trace.ncbi.nlm.nih.gov/sra/sra-instant/reads/ByRun/sra/SRR/SRR190/SRR19075253/SRR19075253.sra	SRR19075253.sra	SRR19075253_GSM6102554_Endometriosis_Patient_7_-_Eutopic_Homo_sapiens_RNA-Seq.sra	ftp://			SRR19075253_GSM6102554_Endometriosis_Patient_7_-_Eutopic_Homo_sapiens_RNA-Seq
SRR19075272	GSM6102573: Endometriosis Patient 5 - Ectopic - bulk; Homo sapiens; RNA-Seq	Illumina NovaSeq 6000	43653	1651809600000	ftp://ftp-trace.ncbi.nlm.nih.gov/sra/sra-instant/reads/ByRun/sra/SRR/SRR190/SRR19075272/SRR19075272.sra	SRR19075272.sra	SRR19075272_GSM6102573_Endometriosis_Patient_5_-_Ectopic_-_bulk_Homo_sapiens_RNA-Seq.sra	ftp://ftp.sra.ebi.ac.uk/vol1/fastq/SRR190/072/SRR19075272/SRR19075272.fastq.gz	era-fasp@fasp.sra.ebi.ac.uk:vol1/fastq/SRR190/072/SRR19075272/SRR19075272.fastq.gz	SRR19075272.fastq.gz	SRR19075272_GSM6102573_Endometriosis_Patient_5_-_Ectopic_-_bulk_Homo_sapiens_RNA-Seq.fastq.gz
SRR19075280	GSM6102581: Endometriosis Patient 13 - Eutopic - bulk; Homo sapiens; RNA-Seq	Illumina NovaSeq 6000	41009	1651809600000	ftp://ftp-trace.ncbi.nlm.nih.gov/sra/sra-instant/reads/ByRun/sra/SRR/SRR190/SRR19075280/SRR19075280.sra	SRR19075280.sra	SRR19075280_GSM6102581_Endometriosis_Patient_13_-_Eutopic_-_bulk_Homo_sapiens_RNA-Seq.sra	ftp://ftp.sra.ebi.ac.uk/vol1/fastq/SRR190/080/SRR19075280/SRR19075280.fastq.gz	era-fasp@fasp.sra.ebi.ac.uk:vol1/fastq/SRR190/080/SRR19075280/SRR19075280.fastq.gz	SRR19075280.fastq.gz	SRR19075280_GSM6102581_Endometriosis_Patient_13_-_Eutopic_-_bulk_Homo_sapiens_RNA-Seq.fastq.gz
SRR21658724	GSM6595259: Endometriosis Patient 9 - Ectopic Adjacent-1; Homo sapiens; RNA-Seq	Illumina NovaSeq 6000	109286	1678251600000	ftp://ftp-trace.ncbi.nlm.nih.gov/sra/sra-instant/reads/ByRun/sra/SRR/SRR216/SRR21658724/SRR21658724.sra	SRR21658724.sra	SRR21658724_GSM6595259_Endometriosis_Patient_9_-_Ectopic_Adjacent-1_Homo_sapiens_RNA-Seq.sra	ftp://			SRR21658724_GSM6595259_Endometriosis_Patient_9_-_Ectopic_Adjacent-1_Homo_sapiens_RNA-Seq
SRR19075283	GSM6102584: Endometriosis Patient 15 - Eutopic - bulk; Homo sapiens; RNA-Seq	Illumina NovaSeq 6000	27432	1651809600000	ftp://ftp-trace.ncbi.nlm.nih.gov/sra/sra-instant/reads/ByRun/sra/SRR/SRR190/SRR19075283/SRR19075283.sra	SRR19075283.sra	SRR19075283_GSM6102584_Endometriosis_Patient_15_-_Eutopic_-_bulk_Homo_sapiens_RNA-Seq.sra	ftp://ftp.sra.ebi.ac.uk/vol1/fastq/SRR190/083/SRR19075283/SRR19075283.fastq.gz	era-fasp@fasp.sra.ebi.ac.uk:vol1/fastq/SRR190/083/SRR19075283/SRR19075283.fastq.gz	SRR19075283.fastq.gz	SRR19075283_GSM6102584_Endometriosis_Patient_15_-_Eutopic_-_bulk_Homo_sapiens_RNA-Seq.fastq.gz
SRR21658721	GSM6595256: Endometriosis Patient 5 - Ectopic; Homo sapiens; RNA-Seq	Illumina NovaSeq 6000	574552	1678251600000	ftp://ftp-trace.ncbi.nlm.nih.gov/sra/sra-instant/reads/ByRun/sra/SRR/SRR216/SRR21658721/SRR21658721.sra	SRR21658721.sra	SRR21658721_GSM6595256_Endometriosis_Patient_5_-_Ectopic_Homo_sapiens_RNA-Seq.sra	ftp://			SRR21658721_GSM6595256_Endometriosis_Patient_5_-_Ectopic_Homo_sapiens_RNA-Seq
SRR19075242	GSM6102543: Endometriosis Patient 3 - Eutopic; Homo sapiens; RNA-Seq	Illumina NovaSeq 6000	758866	1651809600000	ftp://ftp-trace.ncbi.nlm.nih.gov/sra/sra-instant/reads/ByRun/sra/SRR/SRR190/SRR19075242/SRR19075242.sra	SRR19075242.sra	SRR19075242_GSM6102543_Endometriosis_Patient_3_-_Eutopic_Homo_sapiens_RNA-Seq.sra	ftp://			SRR19075242_GSM6102543_Endometriosis_Patient_3_-_Eutopic_Homo_sapiens_RNA-Seq
SRR19075278	GSM6102579: Endometriosis Patient 13 - Ectopic Ovary - bulk; Homo sapiens; RNA-Seq	Illumina NovaSeq 6000	37201	1651809600000	ftp://ftp-trace.ncbi.nlm.nih.gov/sra/sra-instant/reads/ByRun/sra/SRR/SRR190/SRR19075278/SRR19075278.sra	SRR19075278.sra	SRR19075278_GSM6102579_Endometriosis_Patient_13_-_Ectopic_Ovary_-_bulk_Homo_sapiens_RNA-Seq.sra	ftp://ftp.sra.ebi.ac.uk/vol1/fastq/SRR190/078/SRR19075278/SRR19075278.fastq.gz	era-fasp@fasp.sra.ebi.ac.uk:vol1/fastq/SRR190/078/SRR19075278/SRR19075278.fastq.gz	SRR19075278.fastq.gz	SRR19075278_GSM6102579_Endometriosis_Patient_13_-_Ectopic_Ovary_-_bulk_Homo_sapiens_RNA-Seq.fastq.gz
SRR19075262	GSM6102563: Patient-Derived Organoid - E02/E03/E10; Homo sapiens; RNA-Seq	Illumina NovaSeq 6000	672414	1651809600000	ftp://ftp-trace.ncbi.nlm.nih.gov/sra/sra-instant/reads/ByRun/sra/SRR/SRR190/SRR19075262/SRR19075262.sra	SRR19075262.sra	SRR19075262_GSM6102563_Patient-Derived_Organoid_-_E02_E03_E10_Homo_sapiens_RNA-Seq.sra	ftp://			SRR19075262_GSM6102563_Patient-Derived_Organoid_-_E02_E03_E10_Homo_sapiens_RNA-Seq
SRR19075282	GSM6102583: Endometriosis Patient 14 - Ectopic - bulk; Homo sapiens; RNA-Seq	Illumina NovaSeq 6000	32480	1651809600000	ftp://ftp-trace.ncbi.nlm.nih.gov/sra/sra-instant/reads/ByRun/sra/SRR/SRR190/SRR19075282/SRR19075282.sra	SRR19075282.sra	SRR19075282_GSM6102583_Endometriosis_Patient_14_-_Ectopic_-_bulk_Homo_sapiens_RNA-Seq.sra	ftp://ftp.sra.ebi.ac.uk/vol1/fastq/SRR190/082/SRR19075282/SRR19075282.fastq.gz	era-fasp@fasp.sra.ebi.ac.uk:vol1/fastq/SRR190/082/SRR19075282/SRR19075282.fastq.gz	SRR19075282.fastq.gz	SRR19075282_GSM6102583_Endometriosis_Patient_14_-_Ectopic_-_bulk_Homo_sapiens_RNA-Seq.fastq.gz
SRR21658716	GSM6595251: Endometriosis Patient 2 - Ectopic Adjacent; Homo sapiens; RNA-Seq	Illumina NovaSeq 6000	690208	1678251600000	ftp://ftp-trace.ncbi.nlm.nih.gov/sra/sra-instant/reads/ByRun/sra/SRR/SRR216/SRR21658716/SRR21658716.sra	SRR21658716.sra	SRR21658716_GSM6595251_Endometriosis_Patient_2_-_Ectopic_Adjacent_Homo_sapiens_RNA-Seq.sra	ftp://			SRR21658716_GSM6595251_Endometriosis_Patient_2_-_Ectopic_Adjacent_Homo_sapiens_RNA-Seq
SRR19075288	GSM6102589: Endometriosis Patient 17 - Ectopic - bulk; Homo sapiens; RNA-Seq	Illumina NovaSeq 6000	24496	1651809600000	ftp://ftp-trace.ncbi.nlm.nih.gov/sra/sra-instant/reads/ByRun/sra/SRR/SRR190/SRR19075288/SRR19075288.sra	SRR19075288.sra	SRR19075288_GSM6102589_Endometriosis_Patient_17_-_Ectopic_-_bulk_Homo_sapiens_RNA-Seq.sra	ftp://ftp.sra.ebi.ac.uk/vol1/fastq/SRR190/088/SRR19075288/SRR19075288.fastq.gz	era-fasp@fasp.sra.ebi.ac.uk:vol1/fastq/SRR190/088/SRR19075288/SRR19075288.fastq.gz	SRR19075288.fastq.gz	SRR19075288_GSM6102589_Endometriosis_Patient_17_-_Ectopic_-_bulk_Homo_sapiens_RNA-Seq.fastq.gz
SRR19075265	GSM6102566: Cell Hashing for EOR03; Homo sapiens; RNA-Seq	Illumina NovaSeq 6000	102505	1652155200000	ftp://ftp-trace.ncbi.nlm.nih.gov/sra/sra-instant/reads/ByRun/sra/SRR/SRR190/SRR19075265/SRR19075265.sra	SRR19075265.sra	SRR19075265_GSM6102566_Cell_Hashing_for_EOR03_Homo_sapiens_RNA-Seq.sra	ftp://ftp.sra.ebi.ac.uk/vol1/fastq/SRR190/065/SRR19075265/SRR19075265_1.fastq.gz	era-fasp@fasp.sra.ebi.ac.uk:vol1/fastq/SRR190/065/SRR19075265/SRR19075265_1.fastq.gz	SRR19075265_1.fastq.gz	SRR19075265_GSM6102566_Cell_Hashing_for_EOR03_Homo_sapiens_RNA-Seq_1.fastq.gz
SRR19075265	GSM6102566: Cell Hashing for EOR03; Homo sapiens; RNA-Seq	Illumina NovaSeq 6000	102505	1652155200000	ftp://ftp-trace.ncbi.nlm.nih.gov/sra/sra-instant/reads/ByRun/sra/SRR/SRR190/SRR19075265/SRR19075265.sra	SRR19075265.sra	SRR19075265_GSM6102566_Cell_Hashing_for_EOR03_Homo_sapiens_RNA-Seq.sra	ftp://ftp.sra.ebi.ac.uk/vol1/fastq/SRR190/065/SRR19075265/SRR19075265_2.fastq.gz	era-fasp@fasp.sra.ebi.ac.uk:vol1/fastq/SRR190/065/SRR19075265/SRR19075265_2.fastq.gz	SRR19075265_2.fastq.gz	SRR19075265_GSM6102566_Cell_Hashing_for_EOR03_Homo_sapiens_RNA-Seq_2.fastq.gz